{
  "model_name": "classifier",
  "epochs": 20,
  "checkpoint_every": 2000,
  "eval_every": 1000,
  "learning_rate": 5e-5,
  "sequence_length": 256,
  "batch_size":29,
  "num_classes": 2,
  "warmup_rate": 0.1,
  "output_path": "/Users/jiecao/Documents/program/GitHub/bert-for-task-master/bert_task/classifier_task/output",
  "bert_model_path": "/Users/jiecao/Documents/program/bert/multi_cased_L-12_H-768_A-12",
  "train_data": "/Users/jiecao/Documents/program/GitHub/bert-for-task-master/bert_task/classifier_task/data/train1.txt",
  "eval_data": "/Users/jiecao/Documents/program/GitHub/bert-for-task-master/bert_task/classifier_task/data/dev1.txt",
  "ckpt_model_path": "/Users/jiecao/Documents/program/GitHub/bert-for-task-master/bert_task/classifier_task/output"
}