{
  "model_name": "classifier",
  "epochs": 12,
  "checkpoint_every": 2000,
  "eval_every": 1000,
  "learning_rate": 2e-5,
  "sequence_length": 256,
  "batch_size":15,
  "num_classes": 2,
  "warmup_rate": 0.1,
  "output_path": "/root/bert_spamClass/bert_task/classifier_task/output",
  "bert_model_path": "/root/multi_cased_L-12_H-768_A-12",
  "train_data": "/root/bert_spamClass/bert_task/classifier_task/data/train1.txt",
  "eval_data": "/root/bert_spamClass/bert_task/classifier_task/data/test1.txt",
  "ckpt_model_path": "/root/bert_spamClass/bert_task/classifier_task/output"
}