"Go until jurong point, crazy.. Available only in bugis n great world la e buffet... Cine there got amore wat..."	0
Ok lar... Joking wif u oni...	0
Free entry in 2 a wkly comp to win FA Cup final tkts 21st May 2005. Text FA to 87121 to receive entry question(std txt rate)T&C's apply 08452810075over18's	1
U dun say so early hor... U c already then say...	0
"Nah I don't think he goes to usf, he lives around here though"	0
"FreeMsg Hey there darling it's been 3 week's now and no word back! I'd like some fun you up for it still? Tb ok! XxX std chgs to send, £1.50 to rcv"	1
Even my brother is not like to speak with me. They treat me like aids patent.	0
As per your request 'Melle Melle (Oru Minnaminunginte Nurungu Vettam)' has been set as your callertune for all Callers. Press *9 to copy your friends Callertune	0
WINNER!! As a valued network customer you have been selected to receivea £900 prize reward! To claim call 09061701461. Claim code KL341. Valid 12 hours only.	1
Had your mobile 11 months or more? U R entitled to Update to the latest colour mobiles with camera for Free! Call The Mobile Update Co FREE on 08002986030	1
"I'm gonna be home soon and i don't want to talk about this stuff anymore tonight, k? I've cried enough today."	0
"SIX chances to win CASH! From 100 to 20,000 pounds txt> CSH11 and send to 87575. Cost 150p/day, 6days, 16+ TsandCs apply Reply HL 4 info"	1
"URGENT! You have won a 1 week FREE membership in our £100,000 Prize Jackpot! Txt the word: CLAIM to No: 81010 T&C www.dbuk.net LCCLTD POBOX 4403LDNW1A7RW18"	1
I've been searching for the right words to thank you for this breather. I promise i wont take your help for granted and will fulfil my promise. You have been wonderful and a blessing at all times.	0
I HAVE A DATE ON SUNDAY WITH WILL!!	0
"XXXMobileMovieClub: To use your credit, click the WAP link in the next txt message or click here>> http://wap. xxxmobilemovieclub.com?n=QJKGIGHJJGCBL"	1
Oh k...i'm watching here:)	0
Eh u remember how 2 spell his name... Yes i did. He v naughty make until i v wet.	0
"England v Macedonia - dont miss the goals/team news. Txt ur national team to 87077 eg ENGLAND to 87077 Try:WALES, SCOTLAND 4txt/ú1.20 POBOXox36504W45WQ 16+"	1
Is that seriously how you spell his name?	0
Aft i finish my lunch then i go str down lor. Ard 3 smth lor. U finish ur lunch already?	0
Ffffffffff. Alright no way I can meet up with you sooner?	0
Just forced myself to eat a slice. I'm really not hungry tho. This sucks. Mark is getting worried. He knows I'm sick when I turn down pizza. Lol	0
Lol your always so convincing.	0
Did you catch the bus ? Are you frying an egg ? Did you make a tea? Are you eating your mom's left over dinner ? Do you feel my Love ?	0
"I'm back &amp; we're packing the car now, I'll let you know if there's room"	0
Ahhh. Work. I vaguely remember that! What does it feel like? Lol	0
"Wait that's still not all that clear, were you not sure about me being sarcastic or that that's why x doesn't want to live with us"	0
Yeah he got in at 2 and was v apologetic. n had fallen out and she was actin like spoilt child and he got caught up in that. Till 2! But we won't go there! Not doing too badly cheers. You?	0
K tell me anything about you.	0
For fear of fainting with the of all that housework you just did? Quick have a cuppa	0
Thanks for your subscription to Ringtone UK your mobile will be charged £5/month Please confirm by replying YES or NO. If you reply NO you will not be charged	1
Yup... Ok i go home look at the timings then i msg ü again... Xuhui going to learn on 2nd may too but her lesson is at 8am	0
"Oops, I'll let you know when my roommate's done"	0
I see the letter B on my car	0
Anything lor... U decide...	0
Hello! How's you and how did saturday go? I was just texting to see if you'd decided to do anything tomo. Not that i'm trying to invite myself or anything!	0
Pls go ahead with watts. I just wanted to be sure. Do have a great weekend. Abiola	0
"Did I forget to tell you ? I want you , I need you, I crave you ... But most of all ... I love you my sweet Arabian steed ... Mmmmmm ... Yummy"	0
07732584351 - Rodger Burns - MSG = We tried to call you re your reply to our sms for a free nokia mobile + free camcorder. Please call now 08000930705 for delivery tomorrow	1
WHO ARE YOU SEEING?	0
Great! I hope you like your man well endowed. I am  &lt;#&gt;  inches...	0
No calls..messages..missed calls	0
Didn't you get hep b immunisation in nigeria.	0
"Fair enough, anything going on?"	0
"Yeah hopefully, if tyler can't do it I could maybe ask around a bit"	0
U don't know how stubborn I am. I didn't even want to go to the hospital. I kept telling Mark I'm not a weak sucker. Hospitals are for weak suckers.	0
What you thinked about me. First time you saw me in class.	0
"A gram usually runs like  &lt;#&gt; , a half eighth is smarter though and gets you almost a whole second gram for  &lt;#&gt;"	0
K fyi x has a ride early tomorrow morning but he's crashing at our place tonight	0
"Wow. I never realized that you were so embarassed by your accomodations. I thought you liked it, since i was doing the best i could and you always seemed so happy about ""the cave"". I'm sorry I didn't and don't have more to give. I'm sorry i offered. I'm sorry your room was so embarassing."	0
SMS. ac Sptv: The New Jersey Devils and the Detroit Red Wings play Ice Hockey. Correct or Incorrect? End? Reply END SPTV	1
Do you know what Mallika Sherawat did yesterday? Find out now @  &lt;URL&gt;	0
"Congrats! 1 year special cinema pass for 2 is yours. call 09061209465 now! C Suprman V, Matrix3, StarWars3, etc all 4 FREE! bx420-ip4-5we. 150pm. Dont miss out!"	1
"Sorry, I'll call later in meeting."	0
Tell where you reached	0
Yes..gauti and sehwag out of odi series.	0
Your gonna have to pick up a $1 burger for yourself on your way home. I can't even move. Pain is killing me.	0
Ha ha ha good joke. Girls are situation seekers.	0
Its a part of checking IQ	0
"Sorry my roommates took forever, it ok if I come by now?"	0
Ok lar i double check wif da hair dresser already he said wun cut v short. He said will cut until i look nice.	0
"As a valued customer, I am pleased to advise you that following recent review of your Mob No. you are awarded with a 1500 Bonus Prize, call 09066364589"	1
"Today is ""song dedicated day.."" Which song will u dedicate for me? Send this to all ur valuable frnds but first rply me..."	0
"Urgent UR awarded a complimentary trip to EuroDisinc Trav, Aco&Entry41 Or £1000. To claim txt DIS to 87121 18+6*£1.50(moreFrmMob. ShrAcomOrSglSuplt)10, LS1 3AJ"	1
"Did you hear about the new ""Divorce Barbie""? It comes with all of Ken's stuff!"	1
I plane to give on this month end.	0
Wah lucky man... Then can save money... Hee...	0
Finished class where are you.	0
HI BABE IM AT HOME NOW WANNA DO SOMETHING? XX	0
K..k:)where are you?how did you performed?	0
U can call me now...	0
I am waiting machan. Call me once you free.	0
Thats cool. i am a gentleman and will treat you with dignity and respect.	0
I like you peoples very much:) but am very shy pa.	0
Does not operate after  &lt;#&gt;  or what	0
Its not the same here. Still looking for a job. How much do Ta's earn there.	0
"Sorry, I'll call later"	0
K. Did you call me just now ah?	0
Ok i am on the way to home hi hi	0
You will be in the place of that man	0
Yup next stop.	0
"I call you later, don't have network. If urgnt, sms me."	0
For real when u getting on yo? I only need 2 more tickets and one more jacket and I'm done. I already used all my multis.	0
Yes I started to send requests to make it but pain came back so I'm back in bed. Double coins at the factory too. I gotta cash in all my nitros.	0
I'm really not up to it still tonight babe	0
"Ela kano.,il download, come wen ur free.."	0
Yeah do! Don__ stand to close tho- you__l catch something!	0
Sorry to be a pain. Is it ok if we meet another night? I spent late afternoon in casualty and that means i haven't done any of y stuff42moro and that includes all my time sheets and that. Sorry.	0
Smile in Pleasure Smile in Pain Smile when trouble pours like Rain Smile when sum1 Hurts U Smile becoz SOMEONE still Loves to see u Smiling!!	0
Please call our customer service representative on 0800 169 6031 between 10am-9pm as you have WON a guaranteed £1000 cash or £5000 prize!	1
Havent planning to buy later. I check already lido only got 530 show in e afternoon. U finish work already?	0
"Your free ringtone is waiting to be collected. Simply text the password ""MIX"" to 85069 to verify. Get Usher and Britney. FML, PO Box 5249, MK17 92H. 450Ppw 16"	1
Watching telugu movie..wat abt u?	0
i see. When we finish we have loads of loans to pay	0
"Hi. Wk been ok - on hols now! Yes on for a bit of a run. Forgot that i have hairdressers appointment at four so need to get home n shower beforehand. Does that cause prob for u?"""	0
I see a cup of coffee animation	0
Please don't text me anymore. I have nothing else to say.	0
Okay name ur price as long as its legal! Wen can I pick them up? Y u ave x ams xx	0
I'm still looking for a car to buy. And have not gone 4the driving test yet.	0
As per your request 'Melle Melle (Oru Minnaminunginte Nurungu Vettam)' has been set as your callertune for all Callers. Press *9 to copy your friends Callertune	0
"wow. You're right! I didn't mean to do that. I guess once i gave up on boston men and changed my search location to nyc, something changed. Cuz on my signin page it still says boston."	0
Umma my life and vava umma love you lot dear	0
Thanks a lot for your wishes on my birthday. Thanks you for making my birthday truly memorable.	0
"Aight, I'll hit you up when I get some cash"	0
How would my ip address test that considering my computer isn't a minecraft server	0
I know! Grumpy old people. My mom was like you better not be lying. Then again I am always the one to play jokes...	0
Dont worry. I guess he's busy.	0
What is the plural of the noun research?	0
Going for dinner.msg you after.	0
I'm ok wif it cos i like 2 try new things. But i scared u dun like mah. Cos u said not too loud.	0
GENT! We are trying to contact you. Last weekends draw shows that you won a £1000 prize GUARANTEED. Call 09064012160. Claim Code K52. Valid 12hrs only. 150ppm	1
"Wa, ur openin sentence very formal... Anyway, i'm fine too, juz tt i'm eatin too much n puttin on weight...Haha... So anythin special happened?"	0
"As I entered my cabin my PA said, '' Happy B'day Boss !!''. I felt special. She askd me 4 lunch. After lunch she invited me to her apartment. We went there."	0
You are a winner U have been specially selected 2 receive £1000 or a 4* holiday (flights inc) speak to a live operator 2 claim 0871277810910p/min (18+)	1
Goodo! Yes we must speak friday - egg-potato ratio for tortilla needed!	0
Hmm...my uncle just informed me that he's paying the school directly. So pls buy food.	0
PRIVATE! Your 2004 Account Statement for 07742676969 shows 786 unredeemed Bonus Points. To claim call 08719180248 Identifier Code: 45239 Expires	1
"URGENT! Your Mobile No. was awarded £2000 Bonus Caller Prize on 5/9/03 This is our final try to contact U! Call from Landline 09064019788 BOX42WR29C, 150PPM"	1
here is my new address -apples&pairs&all that malarky	0
Todays Voda numbers ending 7548 are selected to receive a $350 award. If you have a match please call 08712300220 quoting claim code 4041 standard rates app	1
I am going to sao mu today. Will be done only at 12	0
_ predict wat time ü'll finish buying?	0
"Good stuff, will do."	0
"Just so that you know,yetunde hasn't sent money yet. I just sent her a text not to bother sending. So its over, you dont have to involve yourself in anything. I shouldn't have imposed anything on you in the first place so for that, i apologise."	0
Are you there in room.	0
HEY GIRL. HOW R U? HOPE U R WELL ME AN DEL R BAK! AGAIN LONG TIME NO C! GIVE ME A CALL SUM TIME FROM LUCYxx	0
K..k:)how much does it cost?	0
I'm home.	0
"Dear, will call Tmorrow.pls accomodate."	0
First answer my question.	0
Sunshine Quiz Wkly Q! Win a top Sony DVD player if u know which country the Algarve is in? Txt ansr to 82277. £1.50 SP:Tyrone	1
Want 2 get laid tonight? Want real Dogging locations sent direct 2 ur mob? Join the UK's largest Dogging Network bt Txting GRAVEL to 69888! Nt. ec2a. 31p.msg@150p	1
I only haf msn. It's yijue@hotmail.com	0
He is there. You call and meet him	0
No no. I will check all rooms befor activities	0
You'll not rcv any more msgs from the chat svc. For FREE Hardcore services text GO to: 69988 If u get nothing u must Age Verify with yr network & try again	1
Got c... I lazy to type... I forgot ü in lect... I saw a pouch but like not v nice...	0
"K, text me when you're on the way"	0
"Sir, Waiting for your mail."	0
"A swt thought: ""Nver get tired of doing little things 4 lovable persons.."" Coz..somtimes those little things occupy d biggest part in their Hearts.. Gud ni8"	0
I know you are. Can you pls open the back?	0
Yes see ya not on the dot	0
Whats the staff name who is taking class for us?	0
"FreeMsg Why haven't you replied to my text? I'm Randy, sexy, female and live local. Luv to hear from u. Netcollex Ltd 08700621170150p per msg reply Stop to end"	1
Ummma.will call after check in.our life will begin from qatar so pls pray very hard.	0
K..i deleted my contact that why?	0
Sindu got job in birla soft ..	0
The wine is flowing and i'm i have nevering..	0
Yup i thk cine is better cos no need 2 go down 2 plaza mah.	0
Ok... Ur typical reply...	0
As per your request 'Melle Melle (Oru Minnaminunginte Nurungu Vettam)' has been set as your callertune for all Callers. Press *9 to copy your friends Callertune	0
"You are everywhere dirt, on the floor, the windows, even on my shirt. And sometimes when i open my mouth, you are all that comes flowing out. I dream of my world without you, then half my chores are out too. A time of joy for me, lots of tv shows i.ll see. But i guess like all things you just must exist, like rain, hail and mist, and when my time here is done, you and i become one."	0
Aaooooright are you at work?	0
I'm leaving my house now...	0
"Hello, my love. What are you doing? Did you get to that interview today? Are you you happy? Are you being a good boy? Do you think of me?Are you missing me ?"	0
Customer service annoncement. You have a New Years delivery waiting for you. Please call 07046744435 now to arrange delivery	1
You are a winner U have been specially selected 2 receive £1000 cash or a 4* holiday (flights inc) speak to a live operator 2 claim 0871277810810	1
Keep yourself safe for me because I need you and I miss you already and I envy everyone that see's you in real life	0
New car and house for my parents.:)i have only new job in hand:)	0
I'm so in love with you. I'm excited each day i spend with you. You make me so happy.	0
-PLS STOP bootydelious (32/F) is inviting you to be her friend. Reply YES-434 or NO-434 See her: www.SMS.ac/u/bootydelious STOP? Send STOP FRND to 62468	1
"BangBabes Ur order is on the way. U SHOULD receive a Service Msg 2 download UR content. If U do not, GoTo wap. bangb. tv on UR mobile internet/service menu"	1
I place all ur points on e cultures module already.	0
URGENT! We are trying to contact you. Last weekends draw shows that you have won a £900 prize GUARANTEED. Call 09061701939. Claim code S89. Valid 12hrs only	1
"Hi frnd, which is best way to avoid missunderstding wit our beloved one's?"	0
Great escape. I fancy the bridge but needs her lager. See you tomo	0
Yes :)it completely in out of form:)clark also utter waste.	0
"Sir, I need AXIS BANK account no and bank address."	0
"Hmmm.. Thk sure got time to hop ard... Ya, can go 4 free abt... Muz call u to discuss liao..."	0
What time you coming down later?	0
"Bloody hell, cant believe you forgot my surname Mr . Ill give u a clue, its spanish and begins with m..."	0
"Well, i'm gonna finish my bath now. Have a good...fine night."	0
Let me know when you've got the money so carlos can make the call	0
U still going to the mall?	0
"Turns out my friends are staying for the whole show and won't be back til ~ &lt;#&gt; , so feel free to go ahead and smoke that $ &lt;#&gt;  worth"	0
Text her. If she doesnt reply let me know so i can have her log in	0
Hi! You just spoke to MANEESHA V. We'd like to know if you were satisfied with the experience. Reply Toll Free with Yes or No.	0
You lifted my hopes with the offer of money. I am in need. Especially when the end of the month approaches and it hurts my studying. Anyways have a gr8 weekend	0
Lol no. U can trust me.	0
ok. I am a gentleman and will treat you with dignity and respect.	0
"He will, you guys close?"	0
Going on nothing great.bye	0
Hello handsome ! Are you finding that job ? Not being lazy ? Working towards getting back that net for mummy ? Where's my boytoy now ? Does he miss me ?	0
"Haha awesome, be there in a minute"	0
Please call our customer service representative on FREEPHONE 0808 145 4742 between 9am-11pm as you have WON a guaranteed £1000 cash or £5000 prize!	1
Have you got Xmas radio times. If not i will get it now	0
I jus reached home. I go bathe first. But my sis using net tell u when she finishes k...	0
Are you unique enough? Find out from 30th August. www.areyouunique.co.uk	1
I'm sorry. I've joined the league of people that dont keep in touch. You mean a great deal to me. You have been a friend at all times even at great personal cost. Do have a great week.|	0
Hi :)finally i completed the course:)	0
It will stop on itself. I however suggest she stays with someone that will be able to give ors for every stool.	0
How are you doing? Hope you've settled in for the new school year. Just wishin you a gr8 day	0
Gud mrng dear hav a nice day	0
Did u got that persons story	0
is your 0ster dead? Hey so tmr i meet you at 1pm orchard mrt?	0
Hi its Kate how is your evening? I hope i can see you tomorrow for a bit but i have to bloody babyjontet! Txt back if u can. :) xxx	0
"Found it, ENC  &lt;#&gt; , where you at?"	0
I sent you  &lt;#&gt;  bucks	0
Hello darlin ive finished college now so txt me when u finish if u can love Kate xxx	0
Your account has been refilled successfully by INR  &lt;DECIMAL&gt; . Your KeralaCircle prepaid account balance is Rs  &lt;DECIMAL&gt; . Your Transaction ID is KR &lt;#&gt; .	0
Goodmorning sleeping ga.	0
U call me alter at 11 ok.	0
_ say until like dat i dun buy ericsson oso cannot oredi lar...	0
"As I entered my cabin my PA said, '' Happy B'day Boss !!''. I felt special. She askd me 4 lunch. After lunch she invited me to her apartment. We went there."	0
"Aight yo, dats straight dogg"	0
You please give us connection today itself before  &lt;DECIMAL&gt;  or refund the bill	0
Both :) i shoot big loads so get ready!	0
"What's up bruv, hope you had a great break. Do have a rewarding semester."	0
Home so we can always chat	0
K:)k:)good:)study well.	0
Yup... How ü noe leh...	0
Sounds great! Are you home now?	0
Finally the match heading towards draw as your prediction.	0
Tired. I haven't slept well the past few nights.	0
Easy ah?sen got selected means its good..	0
I have to take exam with march 3	0
Yeah you should. I think you can use your gt atm now to register. Not sure but if there's anyway i can help let me know. But when you do be sure you are ready.	0
Ok no prob. Take ur time.	0
There is os called ubandu which will run without installing in hard disk...you can use that os to copy the important files in system and give it to repair shop..	0
"Sorry, I'll call later"	0
U say leh... Of course nothing happen lar. Not say v romantic jus a bit only lor. I thk e nite scenery not so nice leh.	0
"500 New Mobiles from 2004, MUST GO! Txt: NOKIA to No: 89545 & collect yours today!From ONLY £1 www.4-tc.biz 2optout 087187262701.50gbp/mtmsg18"	1
Would really appreciate if you call me. Just need someone to talk to.	0
"Will u meet ur dream partner soon? Is ur career off 2 a flyng start? 2 find out free, txt HORO followed by ur star sign, e. g. HORO ARIES"	1
Hey company elama po mudyadhu.	0
"Life is more strict than teacher... Bcoz Teacher teaches lesson &amp; then conducts exam, But Life first conducts Exam &amp; then teaches Lessons. Happy morning. . ."	0
Dear good morning now only i am up	0
Get down in gandhipuram and walk to cross cut road. Right side &lt;#&gt; street road and turn at first right.	0
Dear we are going to our rubber place	0
"Sorry battery died, yeah I'm here"	0
Yes:)here tv is always available in work place..	0
Text & meet someone sexy today. U can find a date or even flirt its up to U. Join 4 just 10p. REPLY with NAME & AGE eg Sam 25. 18 -msg recd@thirtyeight pence	1
I have printed it oh. So  &lt;#&gt;  come upstairs	0
Or ill be a little closer like at the bus stop on the same street	0
Where are you?when wil you reach here?	0
"New Theory: Argument wins d SITUATION, but loses the PERSON. So dont argue with ur friends just.. . . . kick them &amp; say, I'm always correct.!"	0
U 447801259231 have a secret admirer who is looking 2 make contact with U-find out who they R*reveal who thinks UR so special-call on 09058094597	1
Tomarrow final hearing on my laptop case so i cant.	0
PLEASSSSSSSEEEEEE TEL ME V AVENT DONE SPORTSx	0
"Okay. No no, just shining on. That was meant to be signing, but that sounds better."	0
"Although i told u dat i'm into baig face watches now but i really like e watch u gave cos it's fr u. Thanx 4 everything dat u've done today, i'm touched..."	0
U don't remember that old commercial?	0
Too late. I said i have the website. I didn't i have or dont have the slippers	0
I asked you to call him now ok	0
Kallis wont bat in 2nd innings.	0
It didnt work again oh. Ok goodnight then. I.ll fix and have it ready by the time you wake up. You are very dearly missed have a good night sleep.	0
Congratulations ur awarded 500 of CD vouchers or 125gift guaranteed & Free entry 2 100 wkly draw txt MUSIC to 87066 TnCs www.Ldew.com1win150ppmx3age16	1
Ranjith cal drpd Deeraj and deepak 5min hold	0
"Wen ur lovable bcums angry wid u, dnt take it seriously.. Coz being angry is d most childish n true way of showing deep affection, care n luv!.. kettoda manda... Have nice day da."	0
What you doing?how are you?	0
"Ups which is 3days also, and the shipping company that takes 2wks. The other way is usps which takes a week but when it gets to lag you may have to bribe nipost to get your stuff."	0
"I'm back, lemme know when you're ready"	0
Don't necessarily expect it to be done before you get back though because I'm just now headin out	0
Mmm so yummy babe ... Nice jolt to the suzy	0
Where are you lover ? I need you ...	0
We tried to contact you re your reply to our offer of a Video Handset? 750 anytime networks mins? UNLIMITED TEXT? Camcorder? Reply or call 08000930705 NOW	1
I__ parked next to a MINI!!!! When are you coming in today do you think?	0
Yup	0
Anyway i'm going shopping on my own now. Cos my sis not done yet. Dun disturb u liao.	0
MY NO. IN LUTON 0125698789 RING ME IF UR AROUND! H*	0
Hey I am really horny want to chat or see me naked text hot to 69698 text charged at 150pm to unsubscribe text stop 69698	1
Why you Dint come with us.	0
Same. Wana plan a trip sometme then	0
"Not sure yet, still trying to get a hold of him"	0
Ur ringtone service has changed! 25 Free credits! Go to club4mobiles.com to choose content now! Stop? txt CLUB STOP to 87070. 150p/wk Club4 PO Box1146 MK45 2WT	1
The evo. I just had to download flash. Jealous?	0
Ringtone Club: Get the UK singles chart on your mobile each week and choose any top quality ringtone! This message is free of charge.	1
"Come to mu, we're sorting out our narcotics situation"	0
"Night has ended for another day, morning has come in a special way. May you smile like the sunny rays and leaves your worries at the blue blue bay."	0
HMV BONUS SPECIAL 500 pounds of genuine HMV vouchers to be won. Just answer 4 easy questions. Play Now! Send HMV to 86688 More info:www.100percent-real.com	1
"Usf I guess, might as well take 1 car"	0
No objection. My bf not coming.	0
Thanx...	0
Tell rob to mack his gf in the theater	0
"Awesome, I'll see you in a bit"	0
Just sent it. So what type of food do you like?	0
All done? All handed in? Celebrations in full swing yet?	0
You got called a tool?	0
"Wen u miss someone, the person is definitely special for u..... But if the person is so special, why to miss them, just Keep-in-touch gdeve.."	0
Ok. I asked for money how far	0
Okie...	0
"Yeah I think my usual guy's still passed out from last night, if you get ahold of anybody let me know and I'll throw down"	0
"K, I might come by tonight then if my class lets out early"	0
Ok..	0
hi baby im cruisin with my girl friend what r u up 2? give me a call in and hour at home if thats alright or fone me on this fone now love jenny xxx	0
"My life Means a lot to me, Not because I love my life, But because I love the people in my life, The world calls them friends, I call them my World:-).. Ge:-).."	0
"Dear,shall mail tonite.busy in the street,shall update you tonite.things are looking ok.varunnathu edukkukayee raksha ollu.but a good one in real sense."	0
Hey you told your name to gaut0 ah?	0
Haf u found him? I feel so stupid da v cam was working.	0
Oops. 4 got that bit.	0
Are you this much buzy	0
I accidentally deleted the message. Resend please.	0
T-Mobile customer you may now claim your FREE CAMERA PHONE upgrade & a pay & go sim card for your loyalty. Call on 0845 021 3680.Offer ends 28thFeb.T&C's apply	1
Unless it's a situation where YOU GO GURL would be more appropriate	0
Hurt me... Tease me... Make me cry... But in the end of my life when i die plz keep one rose on my grave and say STUPID I MISS U.. HAVE A NICE DAY BSLVYL	0
I cant pick the phone right now. Pls send a message	0
Need a coffee run tomo?Can't believe it's that time of week already	0
"Awesome, I remember the last time we got somebody high for the first time with diesel :V"	0
"Shit that is really shocking and scary, cant imagine for a second. Def up for night out. Do u think there is somewhere i could crash for night, save on taxi?"	0
Oh and by the way you do have more food in your fridge! Want to go out for a meal tonight?	0
He is a womdarfull actor	0
"SMS. ac Blind Date 4U!: Rodds1 is 21/m from Aberdeen, United Kingdom. Check Him out http://img. sms. ac/W/icmb3cktz8r7!-4 no Blind Dates send HIDE"	1
Yup... From what i remb... I think should be can book...	0
Jos ask if u wana meet up?	0
Lol yes. Our friendship is hanging on a thread cause u won't buy stuff.	0
"TheMob> Check out our newest selection of content, Games, Tones, Gossip, babes and sport, Keep your mobile fit and funky text WAP to 82468"	1
Where are the garage keys? They aren't on the bookshelf	0
Today is ACCEPT DAY..U Accept me as? Brother Sister Lover Dear1 Best1 Clos1 Lvblefrnd Jstfrnd Cutefrnd Lifpartnr Belovd Swtheart Bstfrnd No rply means enemy	0
"Think ur smart ? Win £200 this week in our weekly quiz, text PLAY to 85222 now!T&Cs WinnersClub PO BOX 84, M26 3UZ. 16+. GBP1.50/week"	1
He says he'll give me a call when his friend's got the money but that he's definitely buying before the end of the week	0
"Hi the way I was with u 2day, is the normal way&this is the real me. UR unique&I hope I know u 4 the rest of mylife. Hope u find wot was lost."	0
You made my day. Do have a great day too.	0
K.k:)advance happy pongal.	0
"Hmmm... Guess we can go 4 kb n power yoga... Haha, dunno we can tahan power yoga anot... Thk got lo oso, forgot liao..."	0
"Not really dude, have no friends i'm afraid :("	0
December only! Had your mobile 11mths+? You are entitled to update to the latest colour camera mobile for Free! Call The Mobile Update Co FREE on 08002986906	1
"Coffee cake, i guess..."	0
"Merry Christmas to you too babe, i love ya *kisses*"	0
Hey... Why dont we just go watch x men and have lunch... Haha	0
cud u tell ppl im gona b a bit l8 cos 2 buses hav gon past cos they were full & im still waitin 4 1. Pete x	0
That would be great. We'll be at the Guild. Could meet on Bristol road or somewhere - will get in touch over weekend. Our plans take flight! Have a good week	0
No problem. How are you doing?	0
No calls..messages..missed calls	0
Hi da:)how is the todays class?	0
"I'd say that's a good sign but, well, you know my track record at reading women"	0
"Cool, text me when you're parked"	0
I'm reading the text i just sent you. Its meant to be a joke. So read it in that light	0
K.k:)apo k.good movie.	0
Maybe i could get book out tomo then return it immediately ..? Or something.	0
Call Germany for only 1 pence per minute! Call from a fixed line via access number 0844 861 85 85. No prepayment. Direct access!	1
Any chance you might have had with me evaporated as soon as you violated my privacy by stealing my phone number from your employer's paperwork. Not cool at all. Please do not contact me again or I will report you to your supervisor.	0
Valentines Day Special! Win over £1000 in our quiz and take your partner on the trip of a lifetime! Send GO to 83600 now. 150p/msg rcvd. CustCare:08718720201.	1
"Ta-Daaaaa! I am home babe, are you still up ?"	0
Cool. So how come you havent been wined and dined before?	0
Just sleeping..and surfing	0
"Sorry, I'll call later"	0
U calling me right? Call my hand phone...	0
Ok that's great thanx a lot.	0
I take it the post has come then! You must have 1000s of texts now! Happy reading. My one from wiv hello caroline at the end is my favourite. Bless him	0
Where u been hiding stranger?	0
Am not interested to do like that.	0
My sister cleared two round in birla soft yesterday.	0
Gudnite....tc...practice going on	0
Dis is yijue. I jus saw ur mail. In case huiming havent sent u my num. Dis is my num.	0
One small prestige problem now.	0
Fancy a shag? I do.Interested? sextextuk.com txt XXUK SUZY to 69876. Txts cost 1.50 per msg. TnCs on website. X	1
Just checking in on you. Really do miss seeing Jeremiah. Do have a great month	0
"Nah can't help you there, I've never had an iphone"	0
If you're not in my car in an hour and a half I'm going apeshit	0
"TODAY is Sorry day.! If ever i was angry with you, if ever i misbehaved or hurt you? plz plz JUST SLAP URSELF Bcoz, Its ur fault, I'm basically GOOD"	0
Yo you guys ever figure out how much we need for alcohol? Jay and I are trying to figure out how much we can safely spend on weed	0
&lt;#&gt; ISH MINUTES WAS 5 MINUTES AGO. WTF.	0
"Thank You for calling.Forgot to say Happy Onam to you Sirji.I am fine here and remembered you when i met an insurance person.Meet You in Qatar Insha Allah.Rakhesh, ex Tata AIG who joined TISSCO,Tayseer."	0
Congratulations ur awarded 500 of CD vouchers or 125gift guaranteed & Free entry 2 100 wkly draw txt MUSIC to 87066 TnCs www.Ldew.com1win150ppmx3age16	1
Ur cash-balance is currently 500 pounds - to maximize ur cash-in now send CASH to 86688 only 150p/msg. CC: 08708800282 HG/Suite342/2Lands Row/W1J6HL	1
"I'm an actor. When i work, i work in the evening and sleep late. Since i'm unemployed at the moment, i ALWAYS sleep late. When you're unemployed, every day is saturday."	0
"Hello! Just got here, st andrews-boy its a long way! Its cold. I will keep you posted"	0
Ha ha cool cool chikku chikku:-):-DB-)	0
Oh ok no prob..	0
Check audrey's status right now	0
Busy here. Trying to finish for new year. I am looking forward to finally meeting you...	0
"Good afternoon sunshine! How dawns that day ? Are we refreshed and happy to be alive? Do we breathe in the air and smile ? I think of you, my love ... As always"	0
Well i know Z will take care of me. So no worries.	0
"Update_Now - Xmas Offer! Latest Motorola, SonyEricsson & Nokia & FREE Bluetooth! Double Mins & 1000 Txt on Orange. Call MobileUpd8 on 08000839402 or call2optout/F4Q="	1
Here is your discount code RP176781. To stop further messages reply stop. www.regalportfolio.co.uk. Customer Services 08717205546	1
Wat uniform? In where get?	0
"Cool, text me when you're ready"	0
"Hello my boytoy ... Geeee I miss you already and I just woke up. I wish you were here in bed with me, cuddling me. I love you ..."	0
I will spoil you in bed as well :)	0
I'm going for bath will msg you next  &lt;#&gt;  min..	0
I cant keep talking to people if am not sure i can pay them if they agree to price. So pls tell me what you want to really buy and how much you are willing to pay	0
"Thanks for your Ringtone Order, Reference T91. You will be charged GBP 4 per week. You can unsubscribe at anytime by calling customer services on 09057039994"	1
Can you say what happen	0
You could have seen me..i did't recognise you Face.:)	0
Well there's not a lot of things happening in Lindsay on New years *sighs* Some bars in Ptbo and the blue heron has something going	0
Keep my payasam there if rinu brings	0
I taught that Ranjith sir called me. So only i sms like that. Becaus hes verifying about project. Prabu told today so only pa dont mistake me..	0
"I guess that's why you re worried. You must know that there's a way the body repairs itself. And i'm quite sure you shouldn't worry. We'll take it slow. First the tests, they will guide when your ovulation is then just relax. Nothing you've said is a reason to worry but i.ll keep on followin you up."	0
"Yeah sure, give me a couple minutes to track down my wallet"	0
Hey leave it. not a big deal:-) take care.	0
Hey i will be late ah... Meet you at 945+	0
"Double mins and txts 4 6months FREE Bluetooth on Orange. Available on Sony, Nokia Motorola phones. Call MobileUpd8 on 08000839402 or call2optout/N9DX"	1
It took Mr owl 3 licks	0
Customer place i will call you.	0
Mm that time you dont like fun	0
4mths half price Orange line rental & latest camera phones 4 FREE. Had your phone 11mths ? Call MobilesDirect free on 08000938767 to update now! or2stoptxt	1
Yup having my lunch buffet now.. U eat already?	0
Huh so late... Fr dinner?	0
Hey so this sat are we going for the intro pilates only? Or the kickboxing too?	0
Morning only i can ok.	0
Yes i think so. I am in office but my lap is in room i think thats on for the last few days. I didnt shut that down	0
Pick you up bout 7.30ish? What time are  and that going?	0
From here after The performance award is calculated every two month.not for current one month period..	0
Was actually sleeping and still might when u call back. So a text is gr8. You rock sis. Will send u a text wen i wake.	0
"You are always putting your business out there. You put pictures of your ass on facebook. You are one of the most open people i've ever met. Why would i think a picture of your room would hurt you, make you feel violated."	0
"Good evening Sir, Al Salam Wahleykkum.sharing a happy news.By the grace of God, i got an offer from Tayseer,TISSCO and i joined.Hope you are fine.Inshah Allah,meet you sometime.Rakhesh,visitor from India."	0
Hmmm...k...but i want to change the field quickly da:-)i wanna get system administrator or network administrator..	0
"FREE RINGTONE text FIRST to 87131 for a poly or text GET to 87131 for a true tone! Help? 0845 2814032 16 after 1st free, tones are 3x£150pw to e£nd txt stop"	1
Dear how is chechi. Did you talk to her	0
The hair cream has not been shipped.	0
None of that's happening til you get here though	0
"Yep, the great loxahatchee xmas tree burning of  &lt;#&gt;  starts in an hour"	0
"Haha get used to driving to usf man, I know a lot of stoners"	0
All was well until slightly disastrous class this pm with my fav darlings! Hope day off ok. Coffee wld be good as can't stay late tomorrow. Same time + place as always?	0
Hello! Good week? Fancy a drink or something later?	0
Headin towards busetop	0
Message:some text missing* Sender:Name Missing* *Number Missing *Sent:Date missing *Missing U a lot thats y everything is missing sent via fullonsms.com	0
Come by our room at some point so we can iron out the plan for this weekend	0
Cos i want it to be your thing	0
"Okies... I'll go yan jiu too... We can skip ard oso, go cine den go mrt one, blah blah blah..."	0
Bring home some Wendy =D	0
100 dating service cal;l 09064012103 box334sk38ch	1
Whatsup there. Dont u want to sleep	0
Alright i have a new goal now	0
FREE entry into our £250 weekly competition just text the word WIN to 80086 NOW. 18 T&C www.txttowin.co.uk	1
"Alright, I'll head out in a few minutes, text me where to meet you"	0
Send a logo 2 ur lover - 2 names joined by a heart. Txt LOVE NAME1 NAME2 MOBNO eg LOVE ADAM EVE 07123456789 to 87077 Yahoo! POBox36504W45WQ TxtNO 4 no ads 150p	1
Yes:)from last week itself i'm taking live call.	0
Someone has contacted our dating service and entered your phone because they fancy you! To find out who it is call from a landline 09111032124 . PoBox12n146tf150p	1
Siva is in hostel aha:-.	0
URGENT! Your Mobile number has been awarded with a £2000 prize GUARANTEED. Call 09058094455 from land line. Claim 3030. Valid 12hrs only	1
Send this to ur friends and receive something about ur voice..... How is my speaking expression? 1.childish 2.naughty 3.Sentiment 4.rowdy 5.ful of attitude 6.romantic 7.shy 8.Attractive 9.funny  &lt;#&gt; .irritating  &lt;#&gt; .lovable. reply me..	0
Ok. She'll be ok. I guess	0
aathi..where are you dear..	0
Any pain on urination any thing else?	0
7 at esplanade.. Do ü mind giving me a lift cos i got no car today..	0
I wnt to buy a BMW car urgently..its vry urgent.but hv a shortage of  &lt;#&gt; Lacs.there is no source to arng dis amt. &lt;#&gt; lacs..thats my prob	0
At home watching tv lor.	0
Does she usually take fifteen fucking minutes to respond to a yes or no question	0
Congrats! Nokia 3650 video camera phone is your Call 09066382422 Calls cost 150ppm Ave call 3mins vary from mobiles 16+ Close 300603 post BCM4284 Ldn WC1N3XX	1
Booked ticket for pongal?	0
You available now? I'm like right around hillsborough &amp;  &lt;#&gt; th	0
The message sent is askin for  &lt;#&gt; dollars. Shoul i pay  &lt;#&gt;  or  &lt;#&gt; ?	0
"Ask g or iouri, I've told the story like ten times already"	0
How long does applebees fucking take	0
"Hi hope u get this txt~journey hasnt been gd,now about 50 mins late I think."	0
But i have to. I like to have love and arrange.	0
Yes..he is really great..bhaji told kallis best cricketer after sachin in world:).very tough to get out.	0
You were supposed to wake ME up &gt;:(	0
Oic... I saw him too but i tot he din c me... I found a group liao...	0
"Sorry, I'll call later"	0
"HEY HEY WERETHE MONKEESPEOPLE SAY WE MONKEYAROUND! HOWDY GORGEOUS, HOWU DOIN? FOUNDURSELF A JOBYET SAUSAGE?LOVE JEN XXX"	0
"Sorry, my battery died, I can come by but I'm only getting a gram for now, where's your place?"	0
"Well done, blimey, exercise, yeah, i kinda remember wot that is, hmm."	0
I wont get concentration dear you know you are my mind and everything :-)	0
LOL ... Have you made plans for new years?	0
10 min later k...	0
hanks lotsly!	0
Thanks for this hope you had a good day today	0
K:)k:)what are detail you want to transfer?acc no enough?	0
Ok i will tell her to stay out. Yeah its been tough but we are optimistic things will improve this month.	0
"Loan for any purpose £500 - £75,000. Homeowners + Tenants welcome. Have you been previously refused? We can still help. Call Free 0800 1956669 or text back 'help'"	1
Si si. I think ill go make those oreo truffles.	0
"LOOK AT AMY URE A BEAUTIFUL, INTELLIGENT WOMAN AND I LIKE U A LOT. I KNOW U DON_T LIKE ME LIKE THAT SO DON_T WORRY."	0
I hope you that's the result of being consistently intelligent and kind. Start asking him about practicum links and keep your ears open and all the best. ttyl	0
"1.20 that call cost. Which i guess isnt bad. Miss ya, need ya, want ya, love ya"	0
Going thru a very different feeling.wavering decisions and coping up with the same is the same individual.time will heal everything i believe.	0
Where did u go? My phone is gonna die you have to stay in here	0
Great. Never been better. Each day gives even more reasons to thank God	0
"UpgrdCentre Orange customer, you may now claim your FREE CAMERA PHONE upgrade for your loyalty. Call now on 0207 153 9153. Offer ends 26th July. T&C's apply. Opt-out available"	1
"Sorry, I'll call later ok bye"	0
Ok i am on the way to railway	0
great princess! I love giving and receiving oral. Doggy style is my fave position. How about you? I enjoy making love  &lt;#&gt;  times per night :)	0
They don't put that stuff on the roads to keep it from getting slippery over there?	0
When are you going to ride your bike?	0
"Yup, no need. I'll jus wait 4 e rain 2 stop."	0
There are many company. Tell me the language.	0
okmail: Dear Dave this is your final notice to collect your 4* Tenerife Holiday or #5000 CASH award! Call 09061743806 from landline. TCs SAE Box326 CW25WX 150ppm	1
"How long has it been since you screamed, princess?"	0
"Nothing. I meant that once the money enters your account here, the bank will remove its flat rate. Someone transfered  &lt;#&gt;  to my account and  &lt;#&gt; dollars got removed. So the banks differ and charges also differ.be sure you trust the 9ja person you are sending account details to cos..."	0
Want 2 get laid tonight? Want real Dogging locations sent direct 2 ur Mob? Join the UK's largest Dogging Network by txting MOAN to 69888Nyt. ec2a. 31p.msg@150p	1
Nice line said by a broken heart- Plz don't cum 1 more times infront of me... Other wise once again I ll trust U... Good 9t:)	0
Ok I'm gonna head up to usf in like fifteen minutes	0
Love you aathi..love u lot..	0
Tension ah?what machi?any problem?	0
"K, can I pick up another 8th when you're done?"	0
When're you guys getting back? G said you were thinking about not staying for mcr	0
"Almost there, see u in a sec"	0
"Yo carlos, a few friends are already asking me about you, you working at all this weekend?"	0
Watching tv lor...	0
Thank you baby! I cant wait to taste the real thing...	0
You should change your fb to jaykwon thuglyfe falconerf	0
If we win its really no 1 side for long time.	0
"FREE MESSAGE Activate your 500 FREE Text Messages by replying to this message with the word FREE For terms & conditions, visit www.07781482378.com"	1
Dear reached railway. What happen to you	0
"Depends on quality. If you want the type i sent boye, faded glory, then about 6. If you want ralphs maybe 2"	0
I think i've fixed it can you send a test message?	0
"Sorry man my account's dry or I would, if you want we could trade back half or I could buy some shit with my credit card"	0
"Congrats! 1 year special cinema pass for 2 is yours. call 09061209465 now! C Suprman V, Matrix3, StarWars3, etc all 4 FREE! bx420-ip4-5we. 150pm. Dont miss out!"	1
"Sorry,in meeting I'll call later"	0
What class of  &lt;#&gt;  reunion?	0
Are you free now?can i call now?	0
Got meh... When?	0
Nope... Think i will go for it on monday... Sorry i replied so late	0
Some of them told accenture is not confirm. Is it true.	0
"Kate jackson rec center before 7ish, right?"	0
Dear i have reache room	0
"Fighting with the world is easy, u either win or lose bt fightng with some1 who is close to u is dificult if u lose - u lose if u win - u still lose."	0
When can ü come out?	0
Check with nuerologist.	0
Lolnice. I went from a fish to ..water.?	0
#ERROR!	1
No it's waiting in e car dat's bored wat. Cos wait outside got nothing 2 do. At home can do my stuff or watch tv wat.	0
"Maybe westshore or hyde park village, the place near my house?"	0
You should know now. So how's anthony. Are you bringing money. I've school fees to pay and rent and stuff like that. Thats why i need your help. A friend in need....|	0
What's the significance?	0
Your opinion about me? 1. Over 2. Jada 3. Kusruthi 4. Lovable 5. Silent 6. Spl character 7. Not matured 8. Stylish 9. Simple Pls reply..	0
"8 at the latest, g's still there if you can scrounge up some ammo and want to give the new ak a try"	0
Prabha..i'm soryda..realy..frm heart i'm sory	0
Lol ok your forgiven :)	0
No..jst change tat only..	0
"You are guaranteed the latest Nokia Phone, a 40GB iPod MP3 player or a £500 prize! Txt word: COLLECT to No: 83355! IBHltd LdnW15H 150p/Mtmsgrcvd18+"	1
S:)no competition for him.	0
Boltblue tones for 150p Reply POLY# or MONO# eg POLY3 1. Cha Cha Slide 2. Yeah 3. Slow Jamz 6. Toxic 8. Come With Me or STOP 4 more tones txt MORE	1
Your credits have been topped up for http://www.bubbletext.com Your renewal Pin is tgxxrz	1
"That way transport is less problematic than on sat night. By the way, if u want to ask  n  to join my bday, feel free. But need to know definite nos as booking on fri."	0
Usually the person is unconscious that's in children but in adults they may just behave abnormally. I.ll call you now	0
But that's on ebay it might be less elsewhere.	0
Shall i come to get pickle	0
Were gonna go get some tacos	0
"That's very rude, you on campus?"	0
"URGENT!: Your Mobile No. was awarded a £2,000 Bonus Caller Prize on 02/09/03! This is our 2nd attempt to contact YOU! Call 0871-872-9755 BOX95QU"	1
Hi i won't b ard 4 christmas. But do enjoy n merry x'mas.	0
"Today's Offer! Claim ur £150 worth of discount vouchers! Text YES to 85023 now! SavaMob, member offers mobile! T Cs 08717898035. £3.00 Sub. 16 . Unsub reply X"	1
Yes! How is a pretty lady like you single?	0
You will recieve your tone within the next 24hrs. For Terms and conditions please see Channel U Teletext Pg 750	1
Jay says that you're a double-faggot	0
PRIVATE! Your 2003 Account Statement for 07815296484 shows 800 un-redeemed S.I.M. points. Call 08718738001 Identifier Code 41782 Expires 18/11/04	1
What Today-sunday..sunday is holiday..so no work..	0
Gudnite....tc...practice going on	0
I'll be late...	0
"I've not called you in a while. This is hoping it was l8r malaria and that you know that we miss you guys. I miss Bani big, so pls give her my love especially. Have a great day."	0
"Good afternoon, my love! How goes that day ? I hope maybe you got some leads on a job. I think of you, boytoy and send you a passionate kiss from across the sea"	0
"Probably gonna be here for a while, see you later tonight &lt;)"	0
Or maybe my fat fingers just press all these buttons and it doesn't know what to do.	0
Ummmmmaah Many many happy returns of d day my dear sweet heart.. HAPPY BIRTHDAY dear	0
"I am in tirupur da, once you started from office call me."	0
from www.Applausestore.com MonthlySubscription@50p/msg max6/month T&CsC web age16 2stop txt stop	1
"A famous quote : when you develop the ability to listen to 'anything' unconditionally without losing your temper or self confidence, it means you are ......... 'MARRIED'"	0
But am going to college pa. What to do. are else ill come there it self. Pa.	0
4 oclock at mine. Just to bash out a flat plan.	0
This girl does not stay in bed. This girl doesn't need recovery time. Id rather pass out while having fun then be cooped up in bed	0
Then any special there?	0
I know but you need to get hotel now. I just got my invitation but i had to apologise. Cali is to sweet for me to come to some english bloke's weddin	0
"Sorry that took so long, omw now"	0
Wait  &lt;#&gt;  min..	0
Ok give me 5 minutes I think I see her. BTW you're my alibi. You were cutting my hair the whole time.	0
"Imagine you finally get to sink into that bath after I have put you through your paces, maybe even having you eat me for a while before I left ... But also imagine the feel of that cage on your cock surrounded by the bath water, reminding you always who owns you ... Enjoy, my cuck"	0
"Hurry up, I've been weed-deficient for like three days"	0
"Sure, if I get an acknowledgement from you that it's astoundingly tactless and generally faggy to demand a blood oath fo"	0
Ok. Every night take a warm bath drink a cup of milk and you'll see a work of magic. You still need to loose weight. Just so that you know	0
I__l have a look at the frying pan in case it__ cheap or a book perhaps. No that__ silly a frying pan isn__ likely to be a book	0
O. Well uv causes mutations. Sunscreen is like essential thesedays	0
Having lunch:)you are not in online?why?	0
I know that my friend already told that.	0
Hi Princess! Thank you for the pics. You are very pretty. How are you?	0
"Aiyo... U always c our ex one... I dunno abt mei, she haven reply... First time u reply so fast... Y so lucky not workin huh, got bao by ur sugardad ah...gee.."	0
Hi msg me:)i'm in office..	0
Thanx 4 e brownie it's v nice...	0
Geeeee ... I love you so much I can barely stand it	0
GENT! We are trying to contact you. Last weekends draw shows that you won a £1000 prize GUARANTEED. Call 09064012160. Claim Code K52. Valid 12hrs only. 150ppm	1
"Fuck babe ... I miss you already, you know ? Can't you let me send you some money towards your net ? I need you ... I want you ... I crave you ..."	0
"Ill call u 2mrw at ninish, with my address that icky American freek wont stop callin me 2 bad Jen k eh?"	0
Oooh bed ridden ey? What are YOU thinking of?	0
"So anyways, you can just go to your gym or whatever, my love *smiles* I hope your ok and having a good day babe ... I miss you so much already"	0
Love it! Daddy will make you scream with pleasure! I am going to slap your ass with my dick!	0
WOT U WANNA DO THEN MISSY?	0
Yar lor wait 4 my mum 2 finish sch then have lunch lor... I whole morning stay at home clean my room now my room quite clean... Hee...	0
Do you know where my lab goggles went	0
Can you open the door?	0
Waiting for your call.	0
Nope i waiting in sch 4 daddy...	0
"You have won ?1,000 cash or a ?2,000 prize! To claim, call09050000327"	1
"I'm tired of arguing with you about this week after week. Do what you want and from now on, i'll do the same."	0
_ wait 4 me in sch i finish ard 5..	0
"our mobile number has won £5000, to claim calls us back or ring the claims hot line on 09050005321."	1
"Arngd marriage is while u r walkin unfortuntly a snake bites u. bt love marriage is dancing in frnt of d snake &amp; sayin Bite me, bite me."	0
Huh so early.. Then ü having dinner outside izzit?	0
Ok anyway no need to change with what you said	0
We tried to contact you re your reply to our offer of 750 mins 150 textand a new video phone call 08002988890 now or reply for free delivery tomorrow	1
my ex-wife was not able to have kids. Do you want kids one day?	0
So how's scotland. Hope you are not over showing your JJC tendencies. Take care. Live the dream	0
Tell them u have a headache and just want to use 1 hour of sick time.	0
"I dun thk i'll quit yet... Hmmm, can go jazz ? Yogasana oso can... We can go meet em after our lessons den..."	0
Pete can you please ring meive hardly gotany credit	0
Ya srsly better than yi tho	0
"I'm in a meeting, call me later at"	0
"For ur chance to win a £250 wkly shopping spree TXT: SHOP to 80878. T's&C's www.txt-2-shop.com custcare 08715705022, 1x150p/wk"	1
You have been specially selected to receive a 2000 pound award! Call 08712402050 BEFORE the lines close. Cost 10ppm. 16+. T&Cs apply. AG Promo	1
PRIVATE! Your 2003 Account Statement for 07753741225 shows 800 un-redeemed S. I. M. points. Call 08715203677 Identifier Code: 42478 Expires 24/10/04	1
You still at grand prix?	0
"I met you as a stranger and choose you as my friend. As long as the world stands, our friendship never ends. Lets be Friends forever!!! Gud nitz..."	0
I am great! How are you?	0
Gud mrng dear have a nice day	0
You have an important customer service announcement. Call FREEPHONE 0800 542 0825 now!	1
Will do. Was exhausted on train this morning. Too much wine and pie. You sleep well too	0
I'm going out to buy mum's present ar.	0
Mind blastin.. No more Tsunamis will occur from now on.. Rajnikant stopped swimming in Indian Ocean..:-D	0
If u sending her home first it's ok lor. I'm not ready yet.	0
Speaking of does he have any cash yet?	0
Be happy there. I will come after noon	0
Meet after lunch la...	0
TaKe CaRE n gET WeLL sOOn	0
XCLUSIVE@CLUBSAISAI 2MOROW 28/5 SOIREE SPECIALE ZOUK WITH NICHOLS FROM PARIS.FREE ROSES 2 ALL LADIES !!! info: 07946746291/07880867867	1
what I meant to say is cant wait to see u again getting bored of this bridgwater banter	0
Neva mind it's ok..	0
"It's fine, imma get a drink or somethin. Want me to come find you?"	0
22 days to kick off! For Euro2004 U will be kept up to date with the latest news and results daily. To be removed send GET TXT STOP to 83222	1
Its a valentine game. . . Send dis msg to all ur friends. .. If 5 answers r d same then someone really loves u. Ques- which colour suits me the best?rply me	0
I have many dependents	0
THANX4 TODAY CER IT WAS NICE 2 CATCH UP BUT WE AVE 2 FIND MORE TIME MORE OFTEN OH WELL TAKE CARE C U SOON.C	0
I called and said all to him:)then he have to choose this future.	0
Happy valentines day I know its early but i have hundreds of handsomes and beauties to wish. So i thought to finish off aunties and uncles 1st...	0
He like not v shock leh. Cos telling shuhui is like telling leona also. Like dat almost all know liao. He got ask me abt ur reaction lor.	0
For my family happiness..	0
I come n pick ü up... Come out immediately aft ur lesson...	0
Let there be snow. Let there be snow. This kind of weather brings ppl together so friendships can grow.	0
Dear we got  &lt;#&gt;  dollars hi hi	0
Good words.... But words may leave u in dismay many times.	0
MAKE SURE ALEX KNOWS HIS BIRTHDAY IS OVER IN FIFTEEN MINUTES AS FAR AS YOU'RE CONCERNED	0
"sorry, no, have got few things to do. may be in pub later."	0
"Nah it's straight, if you can just bring bud or drinks or something that's actually a little more useful than straight cash"	0
"Haha good to hear, I'm officially paid and on the market for an 8th"	0
How many licks does it take to get to the center of a tootsie pop?	0
Yup i thk they r e teacher said that will make my face look longer. Darren ask me not 2 cut too short.	0
New TEXTBUDDY Chat 2 horny guys in ur area 4 just 25p Free 2 receive Search postcode or at gaytextbuddy.com. TXT ONE name to 89693	1
Todays Vodafone numbers ending with 4882 are selected to a receive a £350 award. If your number matches call 09064019014 to receive your £350 award.	1
Please dont say like that. Hi hi hi	0
Thank u!	0
Oh that was a forwarded message. I thought you send that to me	0
Got it. Seventeen pounds for seven hundred ml _ hope ok.	0
"Dear Voucher Holder, 2 claim this weeks offer, at your PC go to http://www.e-tlp.co.uk/expressoffer Ts&Cs apply.2 stop texts txt STOP to 80062."	1
Me n him so funny...	0
"Sweetheart, hope you are not having that kind of day! Have one with loads of reasons to smile. Biola"	0
When ü login dat time... Dad fetching ü home now?	0
"What will we do in the shower, baby?"	0
I had askd u a question some hours before. Its answer	0
"Well imma definitely need to restock before thanksgiving, I'll let you know when I'm out"	0
"said kiss, kiss, i can't do the sound effects! He is a gorgeous man isn't he! Kind of person who needs a smile to brighten his day!"	0
Probably gonna swing by in a wee bit	0
Ya very nice. . .be ready on thursday	0
Allo! We have braved the buses and taken on the trains and triumphed. I mean we__e in b__am. Have a jolly good rest of week	0
"Watching cartoon, listening music &amp; at eve had to go temple &amp; church.. What about u?"	0
Do you mind if I ask what happened? You dont have to say if it is uncomfortable.	0
PRIVATE! Your 2003 Account Statement for shows 800 un-redeemed S. I. M. points. Call 08715203694 Identifier Code: 40533 Expires 31/10/04	1
No prob. I will send to your email.	0
"You have won ?1,000 cash or a ?2,000 prize! To claim, call09050000327. T&C: RSTM, SW7 3SS. 150ppm"	1
Thats cool! Sometimes slow and gentle. Sonetimes rough and hard :)	0
I'm gonna say no. Sorry. I would but as normal am starting to panic about time. Sorry again! Are you seeing on Tuesday?	0
"Wait, do you know if wesleys in town? I bet she does hella drugs!"	0
Fine i miss you very much.	0
Did u got that persons story	0
Tell them the drug dealer's getting impatient	0
"Sun cant come to earth but send luv as rays. cloud cant come to river but send luv as rain. I cant come to meet U, but can send my care as msg to U. Gud evng"	0
You will be in the place of that man	0
"It doesnt make sense to take it there unless its free. If you need to know more, wikipedia.com"	0
88800 and 89034 are premium phone services call 08718711108	1
"Under the sea, there lays a rock. In the rock, there is an envelope. In the envelope, there is a paper. On the paper, there are 3 words... '"	0
Then mum's repent how?	0
Sorry me going home first... Daddy come fetch ü later...	0
Leave it de:-). Start Prepare for next:-)..	0
Yes baby! We can study all the positions of the kama sutra ;)	0
En chikku nange bakra msg kalstiya..then had tea/coffee?	0
Carlos'll be here in a minute if you still need to buy	0
This pay is  &lt;DECIMAL&gt;  lakhs:)	0
Have a good evening! Ttyl	0
Did u receive my msg?	0
Ho ho - big belly laugh! See ya tomo	0
"SMS. ac sun0819 posts HELLO:""You seem cool, wanted to say hi. HI!!!"" Stop? Send STOP to 62468"	1
Get ur 1st RINGTONE FREE NOW! Reply to this msg with TONE. Gr8 TOP 20 tones to your phone every week just £1.50 per wk 2 opt out send STOP 08452810071 16	1
"Ditto. And you won't have to worry about me saying ANYTHING to you anymore. Like i said last night, you do whatever you want and i'll do the same. Peace."	0
"I've got  &lt;#&gt; , any way I could pick up?"	0
"I dont knw pa, i just drink milk.."	0
Maybe?! Say hi to  and find out if  got his card. Great escape or wetherspoons?	0
"Piggy, r u awake? I bet u're still sleeping. I'm going 4 lunch now..."	0
Cause I'm not freaky lol	0
Missed your call cause I was yelling at scrappy. Miss u. Can't wait for u to come home. I'm so lonely today.	0
What is this 'hex' place you talk of? Explain!	0
_ log off 4 wat. It's sdryb8i	0
Is xy going 4 e lunch?	0
Hi I'm sue. I am 20 years old and work as a lapdancer. I love sex. Text me live - I'm i my bedroom now. text SUE to 89555. By TextOperator G2 1DA 150ppmsg 18+	1
I wanted to ask ü to wait 4 me to finish lect. Cos my lect finishes in an hour anyway.	0
Have you finished work yet? :)	0
"Every King Was Once A Crying Baby And Every Great Building Was Once A Map.. Not Imprtant Where U r TODAY, BUT Where U Wil Reach TOMORW. Gud ni8"	0
"Dear,Me at cherthala.in case u r coming cochin pls call bfore u start.i shall also reach accordingly.or tell me which day u r coming.tmorow i am engaged ans its holiday."	0
Thanks love. But am i doing torch or bold.	0
<Forwarded from 448712404000>Please CALL 08712404000 immediately as there is an urgent message waiting for you.	1
Was the farm open?	0
"Sorry to trouble u again. Can buy 4d for my dad again? 1405, 1680, 1843. All 2 big 1 small, sat n sun. Thanx."	0
"My sister in law, hope you are having a great month. Just saying hey. Abiola"	0
Will purchase d stuff today and mail to you. Do you have a po box number?	0
Ah poop. Looks like ill prob have to send in my laptop to get fixed cuz it has a gpu problem	0
Good. Good job. I like entrepreneurs	0
"Aight, you close by or still down around alex's place?"	0
meet you in corporation st outside gap _ you can see how my mind is working!	0
Mum ask ü to buy food home...	0
K..u also dont msg or reply to his msg..	0
How much r ü willing to pay?	0
"Sorry, I'll call later"	0
What is important is that you prevent dehydration by giving her enough fluids	0
"Thats a bit weird, even ?- where is the do supposed to be happening? But good idea, sure they will be in pub!"	0
True dear..i sat to pray evening and felt so.so i sms'd you in some time...	0
"I don't think I can get away for a trek that long with family in town, sorry"	0
So when do you wanna gym harri	0
Quite late lar... Ard 12 anyway i wun b drivin...	0
"To review and KEEP the fantastic Nokia N-Gage game deck with Club Nokia, go 2 www.cnupdates.com/newsletter. unsubscribe from alerts reply with the word OUT"	1
4mths half price Orange line rental & latest camera phones 4 FREE. Had your phone 11mths+? Call MobilesDirect free on 08000938767 to update now! or2stoptxt T&Cs	1
"Height of Confidence: All the Aeronautics professors wer calld &amp; they wer askd 2 sit in an aeroplane. Aftr they sat they wer told dat the plane ws made by their students. Dey all hurried out of d plane.. Bt only 1 didnt move... He said:""if it is made by my students,this wont even start........ Datz confidence.."	0
It just seems like weird timing that the night that all you and g want is for me to come smoke is the same day as when a shitstorm is attributed to me always coming over and making everyone smoke	0
08714712388 between 10am-7pm Cost 10p	1
"Save yourself the stress. If the person has a dorm account, just send your account details and the money will be sent to you."	0
He also knows about lunch menu only da. . I know	0
When i have stuff to sell i.ll tell you	0
#ERROR!	1
Book which lesson? then you msg me... I will call up after work or sth... I'm going to get specs. My membership is PX3748	0
You have WON a guaranteed £1000 cash or a £2000 prize. To claim yr prize call our customer service representative on 08714712394 between 10am-7pm	1
Macha dont feel upset.i can assume your mindset.believe me one evening with me and i have some wonderful plans for both of us.LET LIFE BEGIN AGAIN.call me anytime	0
Oh is it? Send me the address	0
S'fine. Anytime. All the best with it.	0
That is wondar full flim.	0
Ya even those cookies have jelly on them	0
"The world is running and i am still.maybe all are feeling the same,so be it.or i have to admit,i am mad.then where is the correction?or let me call this is life.and keep running with the world,may be u r also running.lets run."	0
Got it! It looks scrumptious... daddy wants to eat you all night long!	0
Of cos can lar i'm not so ba dao ok... 1 pm lor... Y u never ask where we go ah... I said u would ask on fri but he said u will ask today...	0
"Alright omw, gotta change my order to a half8th"	0
Exactly. Anyways how far. Is jide her to study or just visiting	0
Dunno y u ask me.	0
Email AlertFrom: Jeri StewartSize: 2KBSubject: Low-cost prescripiton drvgsTo listen to email call 123	1
No he didn't. Spring is coming early yay!	0
Lol you won't feel bad when I use her money to take you out to a steak dinner =D	0
Even u dont get in trouble while convincing..just tel him once or twice and just tel neglect his msgs dont c and read it..just dont reply	0
Leaving to qatar tonite in search of an opportunity.all went fast.pls add me in ur prayers dear.Rakhesh	0
Then why no one talking to me	0
Thanks for looking out for me. I really appreciate.	0
Hi. Customer Loyalty Offer:The NEW Nokia6650 Mobile from ONLY £10 at TXTAUCTION! Txt word: START to No: 81151 & get yours Now! 4T&Ctxt TC 150p/MTmsg	1
Wish i were with you now!	0
Haha mayb u're rite... U know me well. Da feeling of being liked by someone is gd lor. U faster go find one then all gals in our group attached liao.	0
Yes i will be there. Glad you made it.	0
Do well :)all will for little time. Thing of good times ahead:	0
Just got up. have to be out of the room very soon. _. i hadn't put the clocks back til at 8 i shouted at everyone to get up and then realised it was 7. wahay. another hour in bed.	0
Ok. There may be a free gym about.	0
Men like shorter ladies. Gaze up into his eyes.	0
Dunno he jus say go lido. Same time 930.	0
"I promise to take good care of you, princess. I have to run now. Please send pics when you get a chance. Ttyl!"	0
U are subscribed to the best Mobile Content Service in the UK for £3 per 10 days until you send STOP to 82324. Helpline 08706091795	1
Is there a reason we've not spoken this year? Anyways have a great week and all the best in your exam	0
By monday next week. Give me the full gist	0
"Do you realize that in about 40 years, we'll have thousands of old ladies running around with tattoos?"	1
You have an important customer service announcement from PREMIER.	1
Dont gimme that lip caveboy	0
When did you get to the library	0
Realy sorry-i don't recognise this number and am now confused :) who r u please?!	0
So why didnt you holla?	0
Cant think of anyone with * spare room off * top of my head	0
"Faith makes things possible,Hope makes things work,Love makes things beautiful,May you have all three this Christmas!Merry Christmas!"	0
U should have made an appointment	0
"Call me when you/carlos is/are here, my phone's vibrate is acting up and I might not hear texts"	0
"Romantic Paris. 2 nights, 2 flights from £79 Book now 4 next year. Call 08704439680Ts&Cs apply."	1
"We are at grandmas. Oh dear, u still ill? I felt Shit this morning but i think i am just hungover! Another night then. We leave on sat."	0
Urgent Ur £500 guaranteed award is still unclaimed! Call 09066368327 NOW closingdate04/09/02 claimcode M39M51 £1.50pmmorefrommobile2Bremoved-MobyPOBox734LS27YF	1
Nothing but we jus tot u would ask cos u ba gua... But we went mt faber yest... Yest jus went out already mah so today not going out... Jus call lor...	0
"Wishing you and your family Merry ""X"" mas and HAPPY NEW Year in advance.."	0
UR awarded a City Break and could WIN a £200 Summer Shopping spree every WK. Txt STORE to 88039 . SkilGme. TsCs087147403231Winawk!Age16 £1.50perWKsub	1
"I'm nt goin, got somethin on, unless they meetin 4 dinner lor... Haha, i wonder who will go tis time..."	0
"Sorry, I'll call later"	0
I cant pick the phone right now. Pls send a message	0
Lol I know! They're so dramatic. Schools already closed for tomorrow. Apparently we can't drive in the inch of snow were supposed to get.	0
Not getting anywhere with this damn job hunting over here!	0
Lol! U drunkard! Just doing my hair at d moment. Yeah still up 4 tonight. Wats the plan?	0
"idc get over here, you are not weaseling your way out of this shit twice in a row"	0
I wil be there with in  &lt;#&gt;  minutes. Got any space	0
Just sleeping..and surfing	0
Thanks for picking up the trash.	0
Why don't you go tell your friend you're not sure you want to live with him because he smokes too much then spend hours begging him to come smoke	0
Hi its Kate it was lovely to see you tonight and ill phone you tomorrow. I got to sing and a guy gave me his card! xxx	0
Happy New year my dear brother. I really do miss you. Just got your number and decided to send you this text wishing you only happiness. Abiola	0
That means get the door	0
Your opinion about me? 1. Over 2. Jada 3. Kusruthi 4. Lovable 5. Silent 6. Spl character 7. Not matured 8. Stylish 9. Simple Pls reply..	0
"Hmmm ... I thought we said 2 hours slave, not 3 ... You are late ... How should I punish you ?"	0
Beerage?	0
You have an important customer service announcement from PREMIER. Call FREEPHONE 0800 542 0578 now!	1
Dont think so. It turns off like randomlly within 5min of opening	0
"She was supposed to be but couldn't make it, she's still in town though"	0
It does it on its own. Most of the time it fixes my spelling. But sometimes it gets a completely diff word. Go figure	0
Ever thought about living a good life with a perfect partner? Just txt back NAME and AGE to join the mobile community. (100p/SMS)	1
"5 Free Top Polyphonic Tones call 087018728737, National Rate. Get a toppoly tune sent every week, just text SUBPOLY to 81618, £3 per pole. UnSub 08718727870."	1
Gud mrng dear hav a nice day	0
This is hoping you enjoyed your game yesterday. Sorry i've not been in touch but pls know that you are fondly bein thot off. Have a great week. Abiola	0
All e best 4 ur driving tmr :-)	0
Y?WHERE U AT DOGBREATH? ITS JUST SOUNDING LIKE JAN C THAT_S AL!!!!!!!!!	0
Omg I want to scream. I weighed myself and I lost more weight! Woohoo!	0
There generally isn't one. It's an uncountable noun - u in the dictionary. pieces of research?	0
it's really getting me down just hanging around.	0
"Orange customer, you may now claim your FREE CAMERA PHONE upgrade for your loyalty. Call now on 0207 153 9996. Offer ends 14thMarch. T&C's apply. Opt-out availa"	1
Petey boy whereare you me and all your friendsare in theKingshead come down if you canlove Nic	0
Ok i msg u b4 i leave my house.	0
Gimme a few was  &lt;#&gt;  minutes ago	0
"Last Chance! Claim ur £150 worth of discount vouchers today! Text SHOP to 85023 now! SavaMob, offers mobile! T Cs SavaMob POBOX84, M263UZ. £3.00 Sub. 16"	1
Appt is at &lt;TIME&gt; am. Not my fault u don't listen. I told u twice	0
FREE for 1st week! No1 Nokia tone 4 ur mobile every week just txt NOKIA to 8077 Get txting and tell ur mates. www.getzed.co.uk POBox 36504 W45WQ 16+ norm150p/tone	1
You have won a guaranteed £200 award or even £1000 cashto claim UR award call free on 08000407165 (18+) 2 stop getstop on 88222 PHP. RG21 4JX	1
K I'll be there before 4.	0
I dled 3d its very imp	0
"sure, but make sure he knows we ain't smokin yet"	0
Boooo you always work. Just quit.	0
I am taking half day leave bec i am not well	0
Ugh I don't wanna get out of bed. It's so warm.	0
S:)s.nervous  &lt;#&gt; :)	0
So there's a ring that comes with the guys costumes. It's there so they can gift their future yowifes. Hint hint	0
Congratulations ur awarded either £500 of CD gift vouchers & Free entry 2 our £100 weekly draw txt MUSIC to 87066 TnCs www.Ldew.com1win150ppmx3age16	1
I borrow ur bag ok.	0
"U were outbid by simonwatson5120 on the Shinco DVD Plyr. 2 bid again, visit sms. ac/smsrewards 2 end bid notifications, reply END OUT"	1
Where's my boytoy? I miss you ... What happened?	0
"He has lots of used ones babe, but the model doesn't help. Youi have to bring it over and he'll match it up"	0
Also are you bringing galileo or dobby	0
Then why you not responding	0
BOO BABE! U ENJOYIN YOURJOB? U SEEMED 2 B GETTIN ON WELL HUNNY!HOPE URE OK?TAKE CARE & I_LLSPEAK 2U SOONLOTS OF LOVEME XXXX.	0
Good afternoon starshine! How's my boytoy? Does he crave me yet? Ache to fuck me ? *sips cappuccino* I miss you babe *teasing kiss*	0
On the road so cant txt	0
"SMSSERVICES. for yourinclusive text credits, pls goto www.comuk.net login= 3qxj9 unsubscribe with STOP, no extra charge. help 08702840625.COMUK. 220-CM2 9AE"	1
25p 4 alfie Moon's Children in need song on ur mob. Tell ur m8s. Txt Tone charity to 8007 for Nokias or Poly charity for polys: zed 08701417012 profit 2 charity.	1
Have a good evening! Ttyl	0
Hmm .. Bits and pieces lol ... *sighs* ...	0
Hahaha..use your brain dear	0
Hey. You got any mail?	0
"Sorry light turned green, I meant another friend wanted  &lt;#&gt;  worth but he may not be around"	0
Thanks for yesterday sir. You have been wonderful. Hope you enjoyed the burial. MojiBiola	0
U have a secret admirer. REVEAL who thinks U R So special. Call 09065174042. To opt out Reply REVEAL STOP. 1.50 per msg recd. Cust care 07821230901	1
Hi mate its RV did u hav a nice hol just a message 3 say hello coz haven_t sent u 1 in ages started driving so stay off roads!RVx	0
"Dear Voucher Holder, To claim this weeks offer, at you PC please go to http://www.e-tlp.co.uk/expressoffer Ts&Cs apply. To stop texts, txt STOP to 80062"	1
"Thank you so much. When we skyped wit kz and sura, we didnt get the pleasure of your company. Hope you are good. We've given you ultimatum oh! We are countin down to aburo. Enjoy! This is the message i sent days ago"	0
Surely result will offer:)	0
Good Morning my Dear........... Have a great &amp; successful day.	0
Do you want 750 anytime any network mins 150 text and a NEW VIDEO phone for only five pounds per week call 08002888812 or reply for delivery tomorrow	1
"Sir, I have been late in paying rent for the past few months and had to pay a $ &lt;#&gt;  charge. I felt it would be inconsiderate of me to nag about something you give at great cost to yourself and that's why i didnt speak up. I however am in a recession and wont be able to pay the charge this month hence my askin well ahead of month's end. Can you please help. Thanks"	0
We tried to contact you re our offer of New Video Phone 750 anytime any network mins HALF PRICE Rental camcorder call 08000930705 or reply for delivery Wed	1
Last chance 2 claim ur £150 worth of discount vouchers-Text YES to 85023 now!SavaMob-member offers mobile T Cs 08717898035. £3.00 Sub. 16 . Remove txt X or STOP	1
I luv u soo much u don_t understand how special u r 2 me ring u 2morrow luv u xxx	0
"Pls send me a comprehensive mail about who i'm paying, when and how much."	0
Our Prashanthettan's mother passed away last night. pray for her and family.	0
"Urgent! call 09066350750 from your landline. Your complimentary 4* Ibiza Holiday or 10,000 cash await collection SAE T&Cs PO BOX 434 SK3 8WP 150 ppm 18+"	1
K.k:)when are you going?	0
Meanwhile in the shit suite: xavier decided to give us  &lt;#&gt;  seconds of warning that samantha was coming over and is playing jay's guitar to impress her or some shit. Also I don't think doug realizes I don't live here anymore	0
My stomach has been thru so much trauma I swear I just can't eat. I better lose weight.	0
I am in office:)whats the matter..msg me now.i will call you at break:).	0
"Yeah there's barely enough room for the two of us, x has too many fucking shoes. Sorry man, see you later"	0
"Today's Offer! Claim ur £150 worth of discount vouchers! Text YES to 85023 now! SavaMob, member offers mobile! T Cs 08717898035. £3.00 Sub. 16 . Unsub reply X"	1
U reach orchard already? U wan 2 go buy tickets first?	0
"I am real, baby! I want to bring out your inner tigress..."	0
No da if you run that it activate the full version da.	0
AH POOR BABY!HOPE URFEELING BETTERSN LUV! PROBTHAT OVERDOSE OF WORK HEY GO CAREFUL SPK 2 U SN LOTS OF LOVEJEN XXX.	0
Stop the story. I've told him i've returned it and he's saying i should not re order it.	0
Talk sexy!! Make new friends or fall in love in the worlds most discreet text dating service. Just text VIP to 83110 and see who you could meet.	1
Going to take your babe out ?	0
Hai ana tomarrow am coming on morning.  &lt;DECIMAL&gt;  ill be there in sathy then we ll go to RTO office. Reply me after came to home.	0
Spoons it is then okay?	0
Did he just say somebody is named tampa	0
In work now. Going have in few min.	0
Your brother is a genius	0
"Sorry, I guess whenever I can get a hold of my connections, maybe an hour or two? I'll text you"	0
Did u find out what time the bus is at coz i need to sort some stuff out.	0
Dude ive been seeing a lotta corvettes lately	0
Congratulations ur awarded either a yrs supply of CDs from Virgin Records or a Mystery Gift GUARANTEED Call 09061104283 Ts&Cs www.smsco.net £1.50pm approx 3mins	1
"Same here, but I consider walls and bunkers and shit important just because I never play on peaceful but I guess your place is high enough that it don't matter"	0
PRIVATE! Your 2003 Account Statement for 07808 XXXXXX shows 800 un-redeemed S. I. M. points. Call 08719899217 Identifier Code: 41685 Expires 07/11/04	1
Hello. We need some posh birds and chaps to user trial prods for c0pneys. Can i put you down? I need your address and dob asap. Ta r	1
What do U want for Xmas? How about 100 free text messages & a new video phone with half price line rental? Call free now on 0800 0721072 to find out more!	1
"Well am officially in a philosophical hole, so if u wanna call am at home ready to be saved!"	0
Its going good...no problem..but still need little experience to understand american customer voice...	0
I'll text you when I drop x off	0
Ugh its been a long day. I'm exhausted. Just want to cuddle up and take a nap	0
Talk With Yourself Atleast Once In A Day...!!! Otherwise You Will Miss Your Best FRIEND In This WORLD...!!! -Shakespeare- SHESIL  &lt;#&gt;	0
"Shop till u Drop, IS IT YOU, either 10K, 5K, £500 Cash or £100 Travel voucher, Call now, 09064011000. NTT PO Box CR01327BT fixedline Cost 150ppm mobile vary"	1
Are you in castor? You need to see something	0
Sunshine Quiz Wkly Q! Win a top Sony DVD player if u know which country Liverpool played in mid week? Txt ansr to 82277. £1.50 SP:Tyrone	1
U have a secret admirer who is looking 2 make contact with U-find out who they R*reveal who thinks UR so special-call on 09058094565	1
U have a Secret Admirer who is looking 2 make contact with U-find out who they R*reveal who thinks UR so special-call on 09065171142-stopsms-08	1
Reminder: You have not downloaded the content you have already paid for. Goto http://doit. mymoby. tv/ to collect your content.	1
"see, i knew giving you a break a few times woul lead to you always wanting to miss curfew. I was gonna gibe you 'til one, but a MIDNIGHT movie is not gonna get out til after 2. You need to come home. You need to getsleep and, if anything, you need to b studdying ear training."	0
I love to give massages. I use lots of baby oil... What is your fave position?	0
Dude we should go sup again	0
Yoyyooo u know how to change permissions for a drive in mac. My usb flash drive	0
Gibbs unsold.mike hussey	0
I like to talk pa but am not able to. I dont know y.	0
Y dun cut too short leh. U dun like ah? She failed. She's quite sad.	0
You unbelievable faglord	0
Wife.how she knew the time of murder exactly	0
Why do you ask princess?	0
I am great princess! What are you thinking about me? :)	0
Nutter. Cutter. Ctter. Cttergg. Cttargg. Ctargg. Ctagg. ie you	0
It's ok i noe u're busy but i'm really too bored so i msg u. I oso dunno wat colour she choose 4 me one.	0
Doesn't g have class early tomorrow and thus shouldn't be trying to smoke at  &lt;#&gt;	0
"Superb Thought- ""Be grateful that u dont have everything u want. That means u still have an opportunity to be happier tomorrow than u are today."":-)"	0
Hope you are having a good week. Just checking in	0
"I'm used to it. I just hope my agents don't drop me since i've only booked a few things this year. This whole me in boston, them in nyc was an experiment."	0
"Thursday night? Yeah, sure thing, we'll work it out then"	0
"Your free ringtone is waiting to be collected. Simply text the password ""MIX"" to 85069 to verify. Get Usher and Britney. FML, PO Box 5249, MK17 92H. 450Ppw 16"	1
Probably money worries. Things are coming due and i have several outstanding invoices for work i did two and three months ago.	0
How is it possible to teach you. And where.	0
"I wonder if your phone battery went dead ? I had to tell you, I love you babe"	0
Lovely smell on this bus and it ain't tobacco...	0
"We're all getting worried over here, derek and taylor have already assumed the worst"	0
Hey what's up charles sorry about the late reply.	0
"all the lastest from Stereophonics, Marley, Dizzee Racal, Libertines and The Strokes! Win Nookii games with Flirt!! Click TheMob WAP Bookmark or text WAP to 82468"	1
I.ll give her once i have it. Plus she said grinule greet you whenever we speak	0
WHITE FUDGE OREOS ARE IN STORES	0
"January Male Sale! Hot Gay chat now cheaper, call 08709222922. National rate from 1.5p/min cheap to 7.8p/min peak! To stop texts call 08712460324 (10p/min)"	1
My love ! How come it took you so long to leave for Zaher's? I got your words on ym and was happy to see them but was sad you had left. I miss you	0
I am sorry it hurt you.	0
Can't. I feel nauseous. I'm so pissed. I didn't eat any sweets all week cause today I was planning to pig out. I was dieting all week. And now I'm not hungry :/	0
Ok lor but not too early. Me still having project meeting now.	0
"Call me da, i am waiting for your call."	0
I could ask carlos if we could get more if anybody else can chip in	0
Was actually about to send you a reminder today. Have a wonderful weekend	0
"When people see my msgs, They think Iam addicted to msging... They are wrong, Bcoz They don\'t know that Iam addicted to my sweet Friends..!! BSLVYL"	0
Hey you gave them your photo when you registered for driving ah? Tmr wanna meet at yck?	0
Dont talk to him ever ok its my word.	0
When u wana see it then	0
On ma way to school. Can you pls send me ashley's number	0
It shall be fine. I have avalarr now. Will hollalater	0
She went to attend another two rounds today..but still did't reach home..	0
Actually i deleted my old website..now i m blogging at magicalsongs.blogspot.com	0
"K, wait chikku..il send aftr  &lt;#&gt; mins"	0
But I'm on a diet. And I ate 1 too many slices of pizza yesterday. Ugh I'm ALWAYS on a diet.	0
K:)i will give my kvb acc details:)	0
Oh all have to come ah?	0
money!!! you r a lucky winner ! 2 claim your prize text money 2 88600 over £1million to give away ! ppt150x3+normal text rate box403 w1t1jy	1
I'm really sorry i won't b able 2 do this friday.hope u can find an alternative.hope yr term's going ok:-)	0
Congratulations ore mo owo re wa. Enjoy it and i wish you many happy moments to and fro wherever you go	0
So do you have samus shoulders yet	0
What time you think you'll have it? Need to know when I should be near campus	0
"Dear Matthew please call 09063440451 from a landline, your complimentary 4*Lux Tenerife holiday or £1000 CASH await collection. ppm150 SAE T&Cs Box334 SK38XH."	1
Then dun wear jeans lor...	0
"Since when, which side, any fever, any vomitin."	0
K:)k.are you in college?	0
"Urgent! call 09061749602 from Landline. Your complimentary 4* Tenerife Holiday or £10,000 cash await collection SAE T&Cs BOX 528 HP20 1YF 150ppm 18+"	1
Better. Made up for Friday and stuffed myself like a pig yesterday. Now I feel bleh. But at least its not writhing pain kind of bleh.	0
No we sell it all so we'll have tons if coins. Then sell our coins to someone thru paypal. Voila! Money back in life pockets:)	0
Theyre doing it to lots of places. Only hospitals and medical places are safe.	0
How about getting in touch with folks waiting for company? Just txt back your NAME and AGE to opt in! Enjoy the community (150p/SMS)	1
And also I've sorta blown him off a couple times recently so id rather not text him out of the blue looking for weed	0
"I sent my scores to sophas and i had to do secondary application for a few schools. I think if you are thinking of applying, do a research on cost also. Contact joke ogunrinde, her school is one me the less expensive ones"	0
I cant wait to see you! How were the photos were useful? :)	0
Ur cash-balance is currently 500 pounds - to maximize ur cash-in now send GO to 86688 only 150p/msg. CC: 08718720201 PO BOX 114/14 TCR/W1	1
Hey i booked the kb on sat already... what other lessons are we going for ah? Keep your sat night free we need to meet and confirm our lodging	0
Chk in ur belovd ms dict	0
Is that what time you want me to come?	0
"Awesome, lemme know whenever you're around"	0
Shb b ok lor... Thanx...	0
"Beautiful Truth against Gravity.. Read carefully: ""Our heart feels light when someone is in it.. But it feels very heavy when someone leaves it.."" GOOD NIGHT"	0
Also remember to get dobby's bowl from your car	0
Filthy stories and GIRLS waiting for your	1
Sorry i now then c ur msg... Yar lor so poor thing... But only 4 one night... Tmr u'll have a brand new room 2 sleep in...	0
"Love isn't a decision, it's a feeling. If we could decide who to love, then, life would be much simpler, but then less magical"	0
Welp apparently he retired	0
My sort code is  and acc no is . The bank is natwest. Can you reply to confirm i've sent this to the right person!	0
Where @	0
U sure u can't take any sick time?	0
URGENT! We are trying to contact U. Todays draw shows that you have won a £800 prize GUARANTEED. Call 09050001808 from land line. Claim M95. Valid12hrs only	1
"Watching cartoon, listening music &amp; at eve had to go temple &amp; church.. What about u?"	0
Yo chad which gymnastics class do you wanna take? The site says Christians class is full..	0
Are you this much buzy	0
Or better still can you catch her and let ask her if she can sell  &lt;#&gt;  for me.	0
I am not sure about night menu. . . I know only about noon menu	0
What do u want when i come back?.a beautiful necklace as a token of my heart for you.thats what i will give but ONLY to MY WIFE OF MY LIKING.BE THAT AND SEE..NO ONE can give you that.dont call me.i will wait till i come.	0
Are you willing to go for aptitude class.	0
"It wont b until 2.15 as trying 2 sort house out, is that ok?"	0
"Yar lor he wan 2 go c horse racing today mah, so eat earlier lor. I ate chicken rice. U?"	0
"Haha awesome, omw back now then"	0
Yup i thk so until e shop closes lor.	0
what is your account number?	0
Eh u send wrongly lar...	0
Hey no I ad a crap nite was borin without ya 2 boggy with me u boring biatch! Thanx but u wait til nxt time il ave ya	0
Ok i shall talk to him	0
Dont hesitate. You know this is the second time she has had weakness like that. So keep i notebook of what she eat and did the day before or if anything changed the day before so that we can be sure its nothing	0
Hey you can pay. With salary de. Only  &lt;#&gt; .	0
Another month. I need chocolate weed and alcohol.	0
If he started searching he will get job in few days.he have great potential and talent.	0
Reckon need to be in town by eightish to walk from * carpark.	0
"Congrats! 2 mobile 3G Videophones R yours. call 09063458130 now! videochat wid your mates, play java games, Dload polyPH music, noline rentl."	1
LOOK AT THE FUCKIN TIME. WHAT THE FUCK YOU THINK IS UP	0
Yo guess what I just dropped	0
Carlos says he'll be at mu in  &lt;#&gt;  minutes	0
I'm in office now . I will call you  &lt;#&gt;  min:)	0
"Geeee ... I miss you already, you know ? Your all I can think about. Fuck, I can't wait till next year when we will be together ... *loving kiss*"	0
"Yun ah.the ubi one say if ü wan call by tomorrow.call 67441233 look for irene.ere only got bus8,22,65,61,66,382. Ubi cres,ubi tech park.6ph for 1st 5wkg days.èn"	0
Ugh. Gotta drive back to sd from la. My butt is sore.	0
26th OF JULY	0
Hi im having the most relaxing time ever! we have to get up at 7am every day! was the party good the other night? I get home tomorrow at 5ish.	0
Up to ü... _ wan come then come lor... But i din c any stripes skirt...	0
The Xmas story is peace.. The Xmas msg is love.. The Xmas miracle is jesus.. Hav a blessed month ahead &amp; wish U Merry Xmas...	0
"I can't, I don't have her number!"	0
Change again... It's e one next to escalator...	0
Yetunde i'm in class can you not run water on it to make it ok. Pls now.	0
Not a lot has happened here. Feels very quiet. Beth is at her aunts and charlie is working lots. Just me and helen in at the mo. How have you been?	0
Then ü wait 4 me at bus stop aft ur lect lar. If i dun c ü then i go get my car then come back n pick ü.	0
"Aight will do, thanks again for comin out"	0
No..but heard abt tat..	0
Please call our customer service representative on FREEPHONE 0808 145 4742 between 9am-11pm as you have WON a guaranteed £1000 cash or £5000 prize!	1
Yes..he is really great..bhaji told kallis best cricketer after sachin in world:).very tough to get out.	0
&lt;#&gt;  am I think? Should say on syllabus	0
Umma. Did she say anything	0
Give me a sec to think think about it	0
Panasonic & BluetoothHdset FREE. Nokia FREE. Motorola FREE & DoubleMins & DoubleTxt on Orange contract. Call MobileUpd8 on 08000839402 or call 2optout	1
I don't quite know what to do. I still can't get hold of anyone. I cud pick you up bout 7.30pm and we can see if they're in the pub?	0
"Poyyarikatur,kolathupalayam,unjalur post,erode dis, &lt;#&gt; ."	0
"Dear Hero,i am leaving to qatar tonite for an apt opportunity.pls do keep in touch at  &lt;EMAIL&gt; ,kerala"	0
Lol I would but my mom would have a fit and tell the whole family how crazy and terrible I am	0
"I just got home babe, are you still awake ?"	0
I dunno they close oredi not... _ v ma fan...	0
Just buy a pizza. Meat lovers or supreme. U get to pick.	0
"Ya, told..she was asking wats matter?"	0
"Dear,regret i cudnt pick call.drove down frm ctla now at cochin home.left mobile in car..ente style ishtamayoo?happy bakrid!"	0
FREE for 1st week! No1 Nokia tone 4 ur mob every week just txt NOKIA to 8007 Get txting and tell ur mates www.getzed.co.uk POBox 36504 W45WQ norm150p/tone 16+	1
Shall i send that exe to your mail id.	0
Nope watching tv at home... Not going out. V bored...	0
Don know..wait i will check it.	0
"Good afternoon on this glorious anniversary day, my sweet J !! I hope this finds you happy and content, my Prey. I think of you and send a teasing kiss from across the sea coaxing images of fond souveniers ... You Cougar-Pen"	0
Guess what! Somebody you know secretly fancies you! Wanna find out who it is? Give us a call on 09065394514 From Landline DATEBox1282EssexCM61XN 150p/min 18	1
We still on for tonight?	0
May i call You later Pls	0
Hasn't that been the pattern recently crap weekends?	0
I have a sore throat. It's scratches when I talk	0
Yes da. Any plm at ur office	0
Are you not around or just still asleep? :V	0
"Lol you forgot it eh ? Yes, I'll bring it in babe"	0
"Its good, we'll find a way"	0
Can not use foreign stamps in this country. Good lecture .	0
Yup bathe liao...	0
HAPPY NEW YEAR MY NO.1 MAN	0
"OH MR SHEFFIELD! You wanna play THAT game, okay. You're the boss and I'm the nanny. You give me a raise and I'll give YOU one!!"	0
ZOE IT JUST HIT ME 2 IM FUCKING SHITIN MYSELF IL DEFO TRY MY HARDEST 2 CUM 2MOROW LUV U MILLIONS LEKDOG	0
"Hello baby, did you get back to your mom's ? Are you setting up the computer now ? Filling your belly ? How goes it loverboy ? I miss you already ... *sighs*"	0
"No my blankets are sufficient, thx"	0
"naughty little thought: 'its better to flirt, flirt n flirt, rather than loving someone n gettin hurt, hurt n hurt...:-) Gud nyt"	0
"Edison has rightly said, ""A fool can ask more questions than a wise man can answer"" Now you know why all of us are speechless during ViVa.. GM,GN,GE,GNT:-)"	0
They just talking thats it de. They wont any other.	0
Today am going to college so am not able to atten the class.	0
I'm in class. Will holla later	0
Easy ah?sen got selected means its good..	0
Mmm thats better now i got a roast down me! i_d b better if i had a few drinks down me 2! Good indian?	0
"We know someone who you know that fancies you. Call 09058097218 to find out who. POBox 6, LS15HB 150p"	1
"Come round, it's ."	0
"Do 1 thing! Change that sentence into: ""Because i want 2 concentrate in my educational career im leaving here.."""	0
"1000's flirting NOW! Txt GIRL or BLOKE & ur NAME & AGE, eg GIRL ZOE 18 to 8007 to join and get chatting!"	1
I walked an hour 2 c u! doesn_t that show I care y wont u believe im serious?	0
18 days to Euro2004 kickoff! U will be kept informed of all the latest news and results daily. Unsubscribe send GET EURO STOP to 83222.	1
Are you available for soiree on June 3rd?	0
Do u noe wat time e place dat sells 4d closes?	0
"I got another job! The one at the hospital doing data analysis or something, starts on monday! Not sure when my thesis will got finished"	0
Jay's getting really impatient and belligerent	0
HIYA COMIN 2 BRISTOL 1 ST WEEK IN APRIL. LES GOT OFF + RUDI ON NEW YRS EVE BUT I WAS SNORING.THEY WERE DRUNK! U BAK AT COLLEGE YET? MY WORK SENDS INK 2 BATH.	0
I'm at work. Please call	0
Then u drive lor.	0
Ard 515 like dat. Y?	0
Tell me they're female :V how're you throwing in? We're deciding what all to get now	0
EASTENDERS TV Quiz. What FLOWER does DOT compare herself to? D= VIOLET E= TULIP F= LILY txt D E or F to 84025 NOW 4 chance 2 WIN £100 Cash WKENT/150P16+	1
I'm working technical support :)voice process.networking field.	0
I might come to kerala for 2 days.so you can be prepared to take a leave once i finalise .dont plan any travel during my visit.need to finish urgent works.	0
Ok. Not sure what time tho as not sure if can get to library before class. Will try. See you at some point! Have good eve.	0
We have new local dates in your area - Lots of new people registered in YOUR AREA. Reply DATE to start now! 18 only www.flirtparty.us REPLYS150	1
"That's fine, I'll bitch at you about it later then"	0
No my mum went 2 dentist.	0
Once free call me sir. I am waiting for you.	0
Meeting u is my work. . . Tel me when shall i do my work tomorrow	0
Someone U know has asked our dating service 2 contact you! Cant Guess who? CALL 09058091854 NOW all will be revealed. PO BOX385 M6 6WU	1
Jus finish bathing...	0
"alright, I'll make sure the car is back tonight"	0
URGENT! We are trying to contact U. Todays draw shows that you have won a £800 prize GUARANTEED. Call 09050003091 from land line. Claim C52. Valid12hrs only	1
Dear U've been invited to XCHAT. This is our final attempt to contact u! Txt CHAT to 86688	1
Lul im gettin some juicy gossip at the hospital. Two nurses are talking about how fat they are gettin. And one thinks shes obese. Oyea.	0
Aight ill get on fb in a couple minutes	0
Oi. Ami parchi na re. Kicchu kaaj korte iccha korche na. Phone ta tul na. Plz. Plz.	0
Where can download clear movies. Dvd copies.	0
"Yep, by the pretty sculpture"	0
Convey my regards to him	0
Me too watching surya movie only. . .after 6 pm vijay movie POKKIRI	0
You tell what happen dont behave like this to me. Ok no need to say	0
Can u get pic msgs to your phone?	0
Send to someone else :-)	0
Wat makes some people dearer is not just de happiness dat u feel when u meet them but de pain u feel when u miss dem!!!	0
For me the love should start with attraction.i should feel that I need her every time around me.she should be the first thing which comes in my thoughts.I would start the day and end it with her.she should be there every time I dream.love will be then when my every breath has her name.my life should happen around her.my life will be named to her.I would cry for her.will give all my happiness and take all her sorrows.I will be ready to fight with anyone for her.I will be in love when I will be doing the craziest things for her.love will be when I don't have to proove anyone that my girl is the most beautiful lady on the whole planet.I will always be singing praises for her.love will be when I start up making chicken curry and end up makiing sambar.life will be the most beautiful then.will get every morning and thank god for the day because she is with me.I would like to say a lot..will tell later..	0
"FR'NDSHIP is like a needle of a clock. Though V r in d same clock, V r nt able 2 met. Evn if V meet,itz only 4few seconds. Bt V alwys stay conected. Gud 9t;-)"	0
I don't think he has spatula hands!	0
You can never do NOTHING	0
You are awarded a SiPix Digital Camera! call 09061221061 from landline. Delivery within 28days. T Cs Box177. M221BP. 2yr warranty. 150ppm. 16 . p p£3.99	1
Goodmorning today i am late for  &lt;DECIMAL&gt; min.	0
WIN URGENT! Your mobile number has been awarded with a £2000 prize GUARANTEED call 09061790121 from land line. claim 3030 valid 12hrs only 150ppm	1
Please da call me any mistake from my side sorry da. Pls da goto doctor.	0
Where r we meeting?	0
"Well the weather in cali's great. But its complexities are great. You need a car to move freely, its taxes are outrageous. But all in all its a great place. The sad part is i missing home."	0
Now only i reached home. . . I am very tired now. . I will come tomorro	0
Ryder unsold.now gibbs.	0
Dear Subscriber ur draw 4 £100 gift voucher will b entered on receipt of a correct ans. When was Elvis Presleys Birthday? TXT answer to 80062	1
Don't fret. I'll buy the ovulation test strips and send them to you. You wont get them til like march. Can you send me your postal address.u'll be alright.Okay.	0
NO GIFTS!! You trying to get me to throw myself off a cliff or something?	0
Been up to ne thing interesting. Did you have a good birthday? When are u wrking nxt? I started uni today.	0
You busy or can I come by at some point and figure out what we're doing tomorrow	0
